,LIMIT_BAL,AGE,PAY_1,PAY_2,PAY_3,PAY_4,PAY_5,PAY_6,BILL_AMT1,BILL_AMT2,BILL_AMT3,BILL_AMT4,BILL_AMT5,BILL_AMT6,PAY_AMT1,PAY_AMT2,PAY_AMT3,PAY_AMT4,PAY_AMT5,PAY_AMT6,AVG_UTIL_RATIO,SEM_FATURA_POSITIVA,AVG_PAY_RATIO,N_MESES_ATRASO,SEX_2,EDU_2,EDU_3,EDU_4,MAR_2,MAR_3
LIMIT_BAL,1.0,0.14629334413531778,-0.2705172822967608,-0.29377575379053217,-0.28252030615515783,-0.2633696524940593,-0.2458405359757734,-0.23302860469082085,0.2841412266906464,0.27979086144038756,0.28335388339601114,0.29587908956015435,0.29528276500137635,0.28990353086059284,0.195742786806704,0.17540534041015643,0.2073082242313951,0.20365360960002232,0.22229917795623336,0.21434406199522812,-0.38499134659946765,0.05790035911015375,0.22364487833143,-0.236642494997212,0.02571180249834997,-0.14955177553376442,-0.13400784010720762,0.009506493689201588,-0.09286830669567671,-0.057671387737412955
AGE,0.14629334413531778,1.0,-0.039507676655771845,-0.04425775279411082,-0.049074991848035814,-0.0495458990847093,-0.05380169592092753,-0.05188560326843009,0.057978192547334016,0.05699727910022356,0.05521222289094514,0.05486249724052536,0.05146598461775852,0.049904811266493564,0.024338015488018016,0.017105649491109074,0.027883349860360486,0.016676700601249875,0.022433121916667784,0.01807013258918279,-0.04359267905841597,0.022808353595090494,0.040874277561424,-0.016387967039788242,-0.08858360803427269,-0.07833396573164524,0.23052563164186332,0.012316873723129564,-0.4690728708299921,0.0845975994651657
PAY_1,-0.2705172822967608,-0.039507676655771845,1.0,0.6708464281857793,0.5732953366828857,0.539286593727439,0.5093620372373072,0.47384384315289946,0.1892602207940173,0.19266469467622735,0.1813974100183209,0.18034038544372724,0.18236309163864567,0.17921304284758074,-0.0765575589442462,-0.07031518031031478,-0.06938049973643048,-0.06867967597783342,-0.058345380491118495,-0.05835890487412905,0.4126021802374622,-0.014513147400420489,-0.41358502025744603,0.6345749571575647,-0.06127784316746022,0.09258208499387288,0.06268649449297634,-0.021008002893665934,0.015362623513099118,0.012406368685146293
PAY_2,-0.29377575379053217,-0.04425775279411082,0.6708464281857793,1.0,0.76619424597408,0.6595888758049064,0.6189653416822035,0.5732571277379706,0.23819970254571912,0.2373786558125257,0.2252057462775656,0.22279477227879346,0.22211596667490316,0.21993147808698268,-0.07937974190172599,-0.058323519315389906,-0.054994235368929424,-0.04873770426968279,-0.0379804356937598,-0.03583190961733315,0.4957347285536486,-0.2811324971276851,-0.45894122987972885,0.6600211306245155,-0.0741876360602009,0.1188626390072298,0.06510516479148472,-0.02789551940360372,0.016330779772818903,0.010163410266584119
PAY_3,-0.28252030615515783,-0.049074991848035814,0.5732953366828857,0.76619424597408,1.0,0.7726554065290441,0.6825243085175284,0.6276684906598292,0.21311927660745422,0.24015293438582155,0.22922528586146004,0.22824772150310144,0.2263451963724012,0.22354939953622593,0.0005223442741914692,-0.06435339373242094,-0.05138157593779633,-0.04490676154154437,-0.035003758293074706,-0.034398532320577505,0.48862881098473215,-0.27714325081418534,-0.4519982049728514,0.6514544543517559,-0.07075117579028219,0.11292349560446116,0.06023641468348141,-0.029100209160960573,0.023145866260153285,0.013881147419803293
PAY_4,-0.2633696524940593,-0.0495458990847093,0.539286593727439,0.6595888758049064,0.7726554065290441,1.0,0.8204027607236255,0.7151084392199585,0.20675855735885793,0.22869002476666975,0.2477598243703984,0.24794885017636398,0.24497186600636647,0.24082299714196603,-0.010019523265210106,-0.00108149943235839,-0.07012304638335837,-0.04444654146830185,-0.03308919663209007,-0.02465617327566764,0.48850075369599805,-0.2745896562114208,-0.45150691531840503,0.6336241383839536,-0.06488573702665713,0.10885263170081205,0.05393680227627574,-0.02564101497275992,0.02683601488118645,0.013411010919803828
PAY_5,-0.2458405359757734,-0.05380169592092753,0.5093620372373072,0.6189653416822035,0.6825243085175284,0.8204027607236255,1.0,0.8169303202479341,0.20835159584218302,0.22785652477884802,0.24378639003947505,0.2731573558566138,0.27109973668650034,0.2633173627726596,-0.006780583364838304,-0.003246172765580382,0.009974201497065278,-0.060071380046205304,-0.032885753506610195,-0.022378271808964217,0.48685667236995445,-0.27616121415036743,-0.44160905458656624,0.6066200950544264,-0.05785690095019338,0.10041600937153358,0.04782466264172079,-0.02393783783043786,0.030459936903935985,0.008129378677827297
PAY_6,-0.23302860469082085,-0.05188560326843009,0.47384384315289946,0.5732571277379706,0.6276684906598292,0.7151084392199585,0.8169303202479341,1.0,0.21107680799041098,0.23017206529975393,0.24363384040184316,0.2705316303010794,0.29600593136530956,0.2903222046016459,-0.003047943006411517,-0.006422159012173543,0.0070420545416003235,0.02080562298375701,-0.046461214867637685,-0.027149728655029008,0.48232220504382645,-0.2678591315558928,-0.42414180136684426,0.5633813013306702,-0.04443289606725903,0.09617104025082997,0.039590252000132144,-0.03168782409925626,0.028448714730946897,0.00979364931420326
BILL_AMT1,0.2841412266906464,0.057978192547334016,0.1892602207940173,0.23819970254571912,0.21311927660745422,0.20675855735885793,0.20835159584218302,0.21107680799041098,1.0,0.9552145394517559,0.8913758523712274,0.8640976512952944,0.832154933212078,0.804612528978201,0.14247231450474723,0.09247884285155632,0.15219603541908952,0.15737007230585454,0.1664157669134979,0.17221452979752427,0.5059479629121881,-0.12574059566622853,-0.34342505705838633,-0.024224012820908518,-0.038681181808863895,0.025788585199153113,-0.021153106153477878,0.03858608984246416,-0.022880652793069157,-0.020929811343196082
BILL_AMT2,0.27979086144038756,0.05699727910022356,0.19266469467622735,0.2373786558125257,0.24015293438582155,0.22869002476666975,0.22785652477884802,0.23017206529975393,0.9552145394517559,1.0,0.9267813267685128,0.8949629339102053,0.8603905339588886,0.832996215561757,0.2787883493367732,0.10204757844052599,0.150584768856717,0.15230931936452,0.16415303282327884,0.1707141812407432,0.5289235492948327,-0.12501670964865805,-0.35026362179235065,-0.008417559812569591,-0.03658693196110275,0.024218631278801382,-0.021542577130876008,0.03260479732443248,-0.020238545925761405,-0.020458190091304406
BILL_AMT3,0.28335388339601114,0.05521222289094514,0.1813974100183209,0.2252057462775656,0.22922528586146004,0.2477598243703984,0.24378639003947505,0.24363384040184316,0.8913758523712274,0.9267813267685128,1.0,0.9230457718328636,0.8815617842596463,0.8529385724457825,0.2414617968597749,0.32041586592598126,0.12285731166079006,0.14674083730041462,0.19224902730075794,0.17699462752635445,0.5320323202731921,-0.12194195206919431,-0.3412609259833454,0.004885132052687954,-0.028414604025822424,0.018579288493241388,-0.022009766699997612,0.029930658969803757,-0.023182376835482188,-0.022821330389616
BILL_AMT4,0.29587908956015435,0.05486249724052536,0.18034038544372724,0.22279477227879346,0.22824772150310144,0.24794885017636398,0.2731573558566138,0.2705316303010794,0.8640976512952944,0.8949629339102053,0.9230457718328636,1.0,0.9417307197710802,0.9042445170664422,0.22826387860635344,0.19980455467138505,0.29237604204682077,0.13848627614221903,0.17027813146529241,0.17088447609246588,0.526860641257209,-0.12118114255900146,-0.3355772882546757,0.023056849559991252,-0.026630593704479382,0.01663625338147522,-0.028477357979799268,0.02315652697288433,-0.021161510782653655,-0.028115314457656557
BILL_AMT5,0.29528276500137635,0.05146598461775852,0.18236309163864567,0.22211596667490316,0.2263451963724012,0.24497186600636647,0.27109973668650034,0.29600593136530956,0.832154933212078,0.8603905339588886,0.8815617842596463,0.9417307197710802,1.0,0.9476251519775392,0.21065396659333305,0.17515902837348443,0.2535017310073841,0.29381287624869484,0.15197044882602762,0.15512993621755647,0.5156775534409374,-0.11964368811591082,-0.32698135564398007,0.039844297461550944,-0.02066943940428493,0.014937194615184517,-0.029452801913972673,0.015173692420711015,-0.022824300924583454,-0.029436828827372506
BILL_AMT6,0.28990353086059284,0.049904811266493564,0.17921304284758074,0.21993147808698268,0.22354939953622593,0.24082299714196603,0.2633173627726596,0.2903222046016459,0.804612528978201,0.832996215561757,0.8529385724457825,0.9042445170664422,0.9476251519775392,1.0,0.19472445441617225,0.17160619544524,0.23917332629033114,0.24595370680865938,0.30737881476905043,0.10147957656152355,0.50218431540395,-0.11751583928830062,-0.3119411130120684,0.04511044274925036,-0.02022045058041443,0.01980636630329895,-0.028456555760234925,0.005282678069607902,-0.019983878213304957,-0.02622750426558729
PAY_AMT1,0.195742786806704,0.024338015488018016,-0.0765575589442462,-0.07937974190172599,0.0005223442741914692,-0.010019523265210106,-0.006780583364838304,-0.003047943006411517,0.14247231450474723,0.2787883493367732,0.2414617968597749,0.22826387860635344,0.21065396659333305,0.19472445441617225,1.0,0.30612100928559305,0.274144945197493,0.22497335352450193,0.1605398184221423,0.19375345262246693,0.04094378156250334,-0.0606706840510646,0.07869359808073303,-0.0850451164287024,-0.0019969053950336705,-0.03178241239537694,-0.019062073493090317,0.006545389969600174,-0.008416109206777685,0.014738197032134156
PAY_AMT2,0.17540534041015643,0.017105649491109074,-0.07031518031031478,-0.058323519315389906,-0.06435339373242094,-0.00108149943235839,-0.003246172765580382,-0.006422159012173543,0.09247884285155632,0.10204757844052599,0.32041586592598126,0.19980455467138505,0.17515902837348443,0.17160619544524,0.30612100928559305,1.0,0.2502818506893675,0.19696258191949131,0.19991237606334697,0.1498735361591845,0.027633140026236253,-0.042304132833843794,0.0880979816281261,-0.06573446937086301,0.0013128115686790837,-0.03298076465791815,-0.01570746525190918,0.009856898348223305,-0.009402051635350624,0.007665692366607878
PAY_AMT3,0.2073082242313951,0.027883349860360486,-0.06938049973643048,-0.054994235368929424,-0.05138157593779633,-0.07012304638335837,0.009974201497065278,0.0070420545416003235,0.15219603541908952,0.150584768856717,0.12285731166079006,0.29237604204682077,0.2535017310073841,0.23917332629033114,0.274144945197493,0.2502818506893675,1.0,0.24633847005447887,0.17300030964402438,0.1562725385602108,0.014026548641858436,-0.05281061525597615,0.10164555124495271,-0.0750483486043622,-0.011120121912361065,-0.038232076022110706,-0.02736211136833311,0.022732193271813625,-0.0077869541773436775,0.0041500725223010205
PAY_AMT4,0.20365360960002232,0.016676700601249875,-0.06867967597783342,-0.04873770426968279,-0.04490676154154437,-0.04444654146830185,-0.060071380046205304,0.02080562298375701,0.15737007230585454,0.15230931936452,0.14674083730041462,0.13848627614221903,0.29381287624869484,0.24595370680865938,0.22497335352450193,0.19696258191949131,0.24633847005447887,1.0,0.15725024759285425,0.1599226300064169,0.016536355058090133,-0.057328516707128574,0.10593799508649877,-0.07724640787272291,-0.0009798322653335953,-0.028695730735690237,-0.02645143652204917,0.0038051956998238464,-0.011817439449466133,0.0010824153014408779
PAY_AMT5,0.22229917795623336,0.022433121916667784,-0.058345380491118495,-0.0379804356937598,-0.035003758293074706,-0.03308919663209007,-0.032885753506610195,-0.046461214867637685,0.1664157669134979,0.16415303282327884,0.19224902730075794,0.17027813146529241,0.15197044882602762,0.30737881476905043,0.1605398184221423,0.19991237606334697,0.17300030964402438,0.15725024759285425,1.0,0.15458800814888626,0.012650871326312985,-0.05453018270617946,0.11214159260524657,-0.07594215831857058,-0.0032591403982511675,-0.023964677888024644,-0.03283682919492595,0.007293032977630158,-0.0023690438819251335,-0.0025799105560997955
PAY_AMT6,0.21434406199522812,0.01807013258918279,-0.05835890487412905,-0.03583190961733315,-0.034398532320577505,-0.02465617327566764,-0.022378271808964217,-0.027149728655029008,0.17221452979752427,0.1707141812407432,0.17699462752635445,0.17088447609246588,0.15512993621755647,0.10147957656152355,0.19375345262246693,0.1498735361591845,0.1562725385602108,0.1599226300064169,0.15458800814888626,1.0,-0.007904431485628716,-0.04680620502828168,0.04875000942851187,-0.06575995524680818,-0.0073876985429938025,-0.023957507635405734,-0.03242938590478077,0.013291032141889252,-0.000668562567466281,-0.012144617922429839
AVG_UTIL_RATIO,-0.38499134659946765,-0.04359267905841597,0.4126021802374622,0.4957347285536486,0.48862881098473215,0.48850075369599805,0.48685667236995445,0.48232220504382645,0.5059479629121881,0.5289235492948327,0.5320323202731921,0.526860641257209,0.5156775534409374,0.50218431540395,0.04094378156250334,0.027633140026236253,0.014026548641858436,0.016536355058090133,0.012650871326312985,-0.007904431485628716,1.0,-0.19139055597963817,-0.5483381452823342,0.23618417738825517,-0.07146901315556757,0.13505829214314802,0.07628606807970216,0.013772260017365576,0.03879025004265951,0.020036113296025546
SEM_FATURA_POSITIVA,0.05790035911015375,0.022808353595090494,-0.014513147400420489,-0.2811324971276851,-0.27714325081418534,-0.2745896562114208,-0.27616121415036743,-0.2678591315558928,-0.12574059566622853,-0.12501670964865805,-0.12194195206919431,-0.12118114255900146,-0.11964368811591082,-0.11751583928830062,-0.0606706840510646,-0.042304132833843794,-0.05281061525597615,-0.057328516707128574,-0.05453018270617946,-0.04680620502828168,-0.19139055597963817,1.0,-0.137400885850887,-0.023213686882906683,0.014577015528399372,-0.04809290185333874,-0.005077377483527426,-0.0015306453449400947,-0.021427082015164828,-0.007907378240012303
AVG_PAY_RATIO,0.22364487833143,0.040874277561424,-0.41358502025744603,-0.45894122987972885,-0.4519982049728514,-0.45150691531840503,-0.44160905458656624,-0.42414180136684426,-0.34342505705838633,-0.35026362179235065,-0.3412609259833454,-0.3355772882546757,-0.32698135564398007,-0.3119411130120684,0.07869359808073303,0.0880979816281261,0.10164555124495271,0.10593799508649877,0.11214159260524657,0.04875000942851187,-0.5483381452823342,-0.137400885850887,1.0,-0.22775119830647433,0.043660520769618585,-0.11471109715436822,-0.05277177170141277,0.004331638351573084,-0.01804799936544306,-0.008334880855362384
N_MESES_ATRASO,-0.236642494997212,-0.016387967039788242,0.6345749571575647,0.6600211306245155,0.6514544543517559,0.6336241383839536,0.6066200950544264,0.5633813013306702,-0.024224012820908518,-0.008417559812569591,0.004885132052687954,0.023056849559991252,0.039844297461550944,0.04511044274925036,-0.0850451164287024,-0.06573446937086301,-0.0750483486043622,-0.07724640787272291,-0.07594215831857058,-0.06575995524680818,0.23618417738825517,-0.023213686882906683,-0.22775119830647433,1.0,-0.04797916179557819,0.0513281330207041,0.04562947957928951,-0.04810857117198715,-0.00722658321584939,0.0016844580352166334
SEX_2,0.02571180249834997,-0.08858360803427269,-0.06127784316746022,-0.0741876360602009,-0.07075117579028219,-0.06488573702665713,-0.05785690095019338,-0.04443289606725903,-0.038681181808863895,-0.03658693196110275,-0.028414604025822424,-0.026630593704479382,-0.02066943940428493,-0.02022045058041443,-0.0019969053950336705,0.0013128115686790837,-0.011120121912361065,-0.0009798322653335953,-0.0032591403982511675,-0.0073876985429938025,-0.07146901315556757,0.014577015528399372,0.043660520769618585,-0.04797916179557819,1.0,0.02254720336810424,-0.00675270520912034,0.007840912248130216,-0.032238222158361154,-0.0006083795910845336
EDU_2,-0.14955177553376442,-0.07833396573164524,0.09258208499387288,0.1188626390072298,0.11292349560446116,0.10885263170081205,0.10041600937153358,0.09617104025082997,0.025788585199153113,0.024218631278801382,0.018579288493241388,0.01663625338147522,0.014937194615184517,0.01980636630329895,-0.03178241239537694,-0.03298076465791815,-0.038232076022110706,-0.028695730735690237,-0.023964677888024644,-0.023957507635405734,0.13505829214314802,-0.04809290185333874,-0.11471109715436822,0.0513281330207041,0.02254720336810424,1.0,-0.4126685000929212,-0.11902650403408399,-0.058694906909183775,-0.011372952724631631
EDU_3,-0.13400784010720762,0.23052563164186332,0.06268649449297634,0.06510516479148472,0.06023641468348141,0.05393680227627574,0.04782466264172079,0.039590252000132144,-0.021153106153477878,-0.021542577130876008,-0.022009766699997612,-0.028477357979799268,-0.029452801913972673,-0.028456555760234925,-0.019062073493090317,-0.01570746525190918,-0.02736211136833311,-0.02645143652204917,-0.03283682919492595,-0.03242938590478077,0.07628606807970216,-0.005077377483527426,-0.05277177170141277,0.04562947957928951,-0.00675270520912034,-0.4126685000929212,1.0,-0.055545370281949426,-0.1310119672362752,0.07563549296307844
EDU_4,0.009506493689201588,0.012316873723129564,-0.021008002893665934,-0.02789551940360372,-0.029100209160960573,-0.02564101497275992,-0.02393783783043786,-0.03168782409925626,0.03858608984246416,0.03260479732443248,0.029930658969803757,0.02315652697288433,0.015173692420711015,0.005282678069607902,0.006545389969600174,0.009856898348223305,0.022732193271813625,0.0038051956998238464,0.007293032977630158,0.013291032141889252,0.013772260017365576,-0.0015306453449400947,0.004331638351573084,-0.04810857117198715,0.007840912248130216,-0.11902650403408399,-0.055545370281949426,1.0,-0.013698049157803413,0.006145972266588446
MAR_2,-0.09286830669567671,-0.4690728708299921,0.015362623513099118,0.016330779772818903,0.023145866260153285,0.02683601488118645,0.030459936903935985,0.028448714730946897,-0.022880652793069157,-0.020238545925761405,-0.023182376835482188,-0.021161510782653655,-0.022824300924583454,-0.019983878213304957,-0.008416109206777685,-0.009402051635350624,-0.0077869541773436775,-0.011817439449466133,-0.0023690438819251335,-0.000668562567466281,0.03879025004265951,-0.021427082015164828,-0.01804799936544306,-0.00722658321584939,-0.032238222158361154,-0.058694906909183775,-0.1310119672362752,-0.013698049157803413,1.0,-0.12263848041239422
MAR_3,-0.057671387737412955,0.0845975994651657,0.012406368685146293,0.010163410266584119,0.013881147419803293,0.013411010919803828,0.008129378677827297,0.00979364931420326,-0.020929811343196082,-0.020458190091304406,-0.022821330389616,-0.028115314457656557,-0.029436828827372506,-0.02622750426558729,0.014738197032134156,0.007665692366607878,0.0041500725223010205,0.0010824153014408779,-0.0025799105560997955,-0.012144617922429839,0.020036113296025546,-0.007907378240012303,-0.008334880855362384,0.0016844580352166334,-0.0006083795910845336,-0.011372952724631631,0.07563549296307844,0.006145972266588446,-0.12263848041239422,1.0
