feature_1,feature_2,correlacao
BILL_AMT1,BILL_AMT2,0.9552145394517559
BILL_AMT5,BILL_AMT6,0.9476251519775392
BILL_AMT4,BILL_AMT5,0.9417307197710802
BILL_AMT2,BILL_AMT3,0.9267813267685128
BILL_AMT3,BILL_AMT4,0.9230457718328636
BILL_AMT4,BILL_AMT6,0.9042445170664422
BILL_AMT2,BILL_AMT4,0.8949629339102053
BILL_AMT1,BILL_AMT3,0.8913758523712274
BILL_AMT3,BILL_AMT5,0.8815617842596463
BILL_AMT1,BILL_AMT4,0.8640976512952944
BILL_AMT2,BILL_AMT5,0.8603905339588886
BILL_AMT3,BILL_AMT6,0.8529385724457825
BILL_AMT2,BILL_AMT6,0.832996215561757
BILL_AMT1,BILL_AMT5,0.832154933212078
PAY_4,PAY_5,0.8204027607236255
PAY_5,PAY_6,0.8169303202479341
BILL_AMT1,BILL_AMT6,0.804612528978201
PAY_3,PAY_4,0.7726554065290441
PAY_2,PAY_3,0.76619424597408
PAY_4,PAY_6,0.7151084392199585
