agrupamento,k,wcss
Perfil socioeconomico,1,47944.0
Perfil socioeconomico,2,29922.987164164068
Perfil socioeconomico,3,17251.451985788506
Perfil socioeconomico,4,13407.543954417913
Perfil socioeconomico,5,10932.397374032147
Perfil socioeconomico,6,8970.880092239646
Perfil socioeconomico,7,7624.103021444185
Perfil socioeconomico,8,6669.10505249994
Perfil socioeconomico,9,5912.445783936425
Perfil socioeconomico,10,5369.836480941775
Perfil de uso do credito,1,47943.999999999905
Perfil de uso do credito,2,24910.291010028886
Perfil de uso do credito,3,9691.373282687826
Perfil de uso do credito,4,6837.260740260202
Perfil de uso do credito,5,4650.7674716888005
Perfil de uso do credito,6,3798.3871242995947
Perfil de uso do credito,7,3075.491379344634
Perfil de uso do credito,8,2700.386005491117
Perfil de uso do credito,9,2367.1344837417
Perfil de uso do credito,10,2060.7299907320767
Perfil de atraso,1,47943.99999999946
Perfil de atraso,2,20000.332963427063
Perfil de atraso,3,12592.111849146395
Perfil de atraso,4,7888.9462010306015
Perfil de atraso,5,6319.976858066268
Perfil de atraso,6,5180.624132076882
Perfil de atraso,7,4074.093649656396
Perfil de atraso,8,3298.7679653455566
Perfil de atraso,9,2625.605516264801
Perfil de atraso,10,2250.399206271222
